prompt_text,essay_text,generated,source
What are the benefits of exercise?,Exercise improves mental health and helps in maintaining physical fitness.,0,fpe
Describe the importance of technology in education.,Technology makes education more accessible and personalized.,1,daigt
Why is persuasion important?,Persuasion is vital in debates and negotiation to convey ideas effectively.,0,persuade
Explain the role of teamwork in success.,Teamwork helps individuals achieve goals by leveraging collective effort.,0,fpe
What challenges arise with remote work?,Remote work can lead to challenges in collaboration and time management.,1,daigt
How can one improve communication skills?,Effective communication involves listening actively and expressing clearly.,0,persuade
What is the impact of climate change on agriculture?,Climate change leads to decreased crop yields and threatens food security.,1,fpe
How does technology affect social interaction?,Technology can both enhance and diminish the quality of social interactions.,1,daigt
What motivates people to volunteer?,Volunteering is driven by a sense of purpose and the desire to help others.,0,persuade
What is the importance of time management?,Time management helps individuals prioritize tasks and increase productivity.,1,fpe
How do different cultures view mental health?,"Mental health is viewed differently across cultures, with varying approaches to treatment.",0,daigt
What is the role of government in addressing poverty?,Governments play a crucial role in addressing poverty through policy and aid programs.,1,persuade
How does artificial intelligence affect society?,"AI has the potential to revolutionize industries, but also poses ethical challenges.",0,fpe
What is the value of creativity in education?,Creativity fosters problem-solving skills and promotes innovation in education.,0,daigt
Why is critical thinking important?,Critical thinking is essential for making informed decisions and solving complex problems.,1,persuade
How does exercise improve cognitive function?,Exercise enhances brain function by increasing blood flow and stimulating neural activity.,0,fpe
What role does leadership play in success?,Leadership inspires others to follow a vision and motivates teams to achieve common goals.,1,daigt
How can one enhance public speaking skills?,Public speaking skills are crucial for effective communication and influencing others.,1,persuade
What is the future of remote work?,"Remote work is becoming more popular, offering flexibility and work-life balance.",0,fpe
How does social media impact self-esteem?,Social media can lead to unrealistic comparisons and lower self-esteem in individuals.,0,daigt
What are the effects of sleep deprivation?,"Lack of sleep affects cognitive function, mood, and overall health.",1,persuade
Why is ethical decision-making important?,Ethical decision-making helps guide actions in line with moral principles and societal norms.,1,fpe
What are the benefits of reading books?,"Reading books improves knowledge, vocabulary, and mental stimulation.",0,daigt
What is the impact of online learning on education?,Online learning provides flexibility but lacks face-to-face interaction and hands-on experiences.,1,persuade
How do you build trust in a relationship?,"Building trust requires consistency, honesty, and mutual respect in relationships.",0,fpe
What is the role of sports in promoting teamwork?,"Sports promote teamwork by fostering collaboration, communication, and mutual support.",1,daigt
How can one develop emotional intelligence?,Emotional intelligence helps individuals navigate social interactions and manage emotions.,0,persuade
What motivates people to work hard?,"Motivation to work hard comes from a sense of purpose, ambition, and personal goals.",0,fpe
Why is sustainability important?,"Sustainability ensures that resources are used responsibly, protecting future generations.",1,daigt
What is the impact of globalization on culture?,Globalization influences culture by promoting cultural exchange and creating new opportunities.,0,persuade
